claim_id,paper_id,claim_type,construct,population,unit,data,method,baseline,metric,result,locator,evidence_label,limitations,transferability,confidence
R4-0909-01,arxiv:2603.14133,nearest_work,vibe coding proficiency,100 tertiary students,person,cross-sectional controlled platform,assessment,CS and writing predictors,task scores,AI-use proficiency already directly studied,v1 sections 3 5 7 10,EVIDENCE,no code viewing/editing and not longitudinal,assessment design,high
R4-0909-02,arxiv:2512.04111,nearest_work,human AI synergy,45 agent users,task,short controlled study,human and collaboration comparison,condition comparisons,task performance,collaborative coding benchmark exists,v1 section 5.1,EVIDENCE,not longitudinal novice KT and release unverified,tool condition design,high
R4-0909-03,arxiv:2509.23996,nearest_work,AI tutoring and KT,classroom and EdNet,system,OJ and public KT benchmark,CoTutor,BKT DKT Code-DKT,multiple,published framing already combines AI OJ and KT,v1 system and Table II,EVIDENCE,EdNet benchmark not programming AI dialogue evidence,closest work scrutiny,high
R4-0909-04,TutorTrace-uist,data_access,behavior traces,short-task deployments,event,repository datasheet,telemetry and generated labels,NA,NA,license and scrub confirmation pending; individual profiling outside scope,datasheet Composition Uses Distribution,EVIDENCE,documentation version may change,method reference pending permitted use,high
R4-0909-05,arxiv:2602.13280,method,student simulation,simulated Python learners,trajectory,BEAGLE,behavior control and flaw injection,prompted simulators,fidelity,simulation uses explicit behavioral constraints,v1 section 3,EVIDENCE,fidelity not real longitudinal validity,simulation design,high
R4-0909-06,edm2026:conv-ser,method,programming student simulation,FalconCode learners,within-task trajectory,code and grader feedback,SFT and preference optimization,code only and prompted models,functional alignment,logs serialized as learner-environment conversation,sections 3 4,EVIDENCE,not observed learner-AI dialogue,OJ grounded simulator,high
R4-0909-07,arxiv:2601.04025,counterevidence,student simulation fidelity,math tutoring learners,turn,real tutoring dialogues,prompt and trained simulators,prompting,behavioral cognitive linguistic metrics,prompting limited and trained methods still imperfect,v1 abstract sections 2 4,EVIDENCE,math not programming,simulator validation,high
R4-0909-08,doi:10.1145/3785366,discovery,code comprehension,review,study,31 studies 2022-2024,systematic review,NA,NA,code comprehension is an adjacent assessment branch,publisher authored abstract,EVIDENCE,full text not read and excludes later agent studies,background reading,medium
R4-0909-09,multi-source,proposed_gap,longitudinal collaboration competence,students,across tasks,not yet acquired,conditional prediction,strong code and AI-stat baselines,external future task outcomes,incremental prediction remains a candidate not established novelty,NA,HYPOTHESIS,requires stronger closest-work search and real data,main candidate,low
